﻿Douban URL,Douban Book Title,Goodreads URL,Goodreads Book Title
https://book.douban.com/subject/4820710/,1984,https://www.goodreads.com/book/show/40961427-1984,1984
https://book.douban.com/subject/5275059/,1988：我想和这个世界谈谈,https://www.goodreads.com/book/show/14737829-1988,1988：我想和這個世界談談
https://book.douban.com/subject/1049189/,1995-2005夏至未至,https://www.goodreads.com/book/show/36586455-1995-2005,1995-2005 夏至未至
https://book.douban.com/subject/4742918/,1Q84 BOOK 1,https://www.goodreads.com/book/show/6443834-1q84-book-1,1Q84 Book 1
https://book.douban.com/subject/4885241/,1Q84 BOOK 2,https://www.goodreads.com/book/show/38600835-1q84-book-2,1Q84 Book 2
https://book.douban.com/subject/5502995/,1Q84 BOOK 3,https://www.goodreads.com/book/show/12337749-1q84,1Q84: Book 3
https://book.douban.com/subject/30471298/,2001：太空漫游,https://www.goodreads.com/book/show/70535.2001,2001: A Space Odyssey
https://book.douban.com/subject/1941301/,365夜故事（上下）,https://www.goodreads.com/book/show/52929990-365,365夜故事（上下）
https://book.douban.com/subject/1439894/,CLOVER（VOL.1--4）,https://www.goodreads.com/book/show/6235902-clover,Clover: Omnibus
https://book.douban.com/subject/1456831/,GTO Vol. 1,https://www.goodreads.com/book/show/570393.GTO,"GTO: Great Teacher Onizuka, Vol. 1"
https://book.douban.com/subject/1823349/,Happy Birth Day,https://www.goodreads.com/book/show/42102360-happy-birth-day,Happy.Birth.Day──阿信.搖滾詩的誕生與轉生
https://book.douban.com/subject/1424555/,HUNTER X HUNTER 1,https://www.goodreads.com/book/show/1493253.Hunter_x_Hunter_Vol_01,"Hunter x Hunter, Vol. 01"
https://book.douban.com/subject/1419736/,MONSTER-怪物-02,https://www.goodreads.com/book/show/879119.Naoki_Urasawa_s_Monster_Vo,"Naoki Urasawa's Monster, Volume 2: Surprise Party"
https://book.douban.com/subject/2297697/,ZOO,https://www.goodreads.com/book/show/6149338-zoo,Zoo
https://book.douban.com/subject/2360269/,タッチ 完全版（1）,https://www.goodreads.com/book/show/13596433-1,タッチ 1
https://book.douban.com/subject/1394253/,デスノート 5,https://www.goodreads.com/book/show/13617.Death_Note_Vol_5,"Death Note, Vol. 5: Whiteout"
https://book.douban.com/subject/2250587/,一个人的好天气,https://www.goodreads.com/book/show/10803958,ひとり日和
https://book.douban.com/subject/24934182/,一个人的朝圣,https://www.goodreads.com/book/show/13227454-the-unlikely-pilgrimage-of-harold-fry,The Unlikely Pilgrimage of Harold Fry
https://book.douban.com/subject/1692648/,一个人的村庄,https://www.goodreads.com/book/show/19459939,一个人的村庄（文字版） (Chinese Edition)
https://book.douban.com/subject/26672693/,一个叫欧维的男人决定去死,https://www.goodreads.com/book/show/15869749-en-man-som-heter-ove,En man som heter Ove
https://book.douban.com/subject/2154960/,一个陌生女人的来信,https://www.goodreads.com/book/show/8123137-letter-from-an-unknown-woman,Letter from an Unknown Woman
https://book.douban.com/subject/1082387/,一九八四·动物农场,https://www.goodreads.com/book/show/5472.Animal_Farm_1984,Animal Farm / 1984
https://book.douban.com/subject/1346815/,一個人住第5年,https://www.goodreads.com/book/show/6762445-5,一個人住第5年
https://book.douban.com/subject/1035848/,一千零一夜,https://www.goodreads.com/book/show/6052296-the-arabian-nights,"The Arabian Nights: Tales of 1001 Nights, Volume 1 - 3 complete"
https://book.douban.com/subject/3633461/,一句顶一万句,https://www.goodreads.com/book/show/19200550,一句顶一万句
https://book.douban.com/subject/1767945/,一只特立独行的猪,https://www.goodreads.com/book/show/18679857,一只特立独行的猪
https://book.douban.com/subject/1453210/,一座城池,https://www.goodreads.com/book/show/19016496,一座城池 (韩寒文集)
https://book.douban.com/subject/24382569/,一桩事先张扬的凶杀案,https://www.goodreads.com/book/show/762.Cr_nica_de_una_muerte_anunciada,Crónica de una muerte anunciada
https://book.douban.com/subject/1919201/,七夜雪,https://www.goodreads.com/book/show/31851483,七夜雪
https://book.douban.com/subject/1389960/,七龍珠 34,https://www.goodreads.com/book/show/29477426-dragon-ball,"Dragon Ball: Ultimate Edition, volumen 34"
https://book.douban.com/subject/1041482/,万历十五年,https://www.goodreads.com/book/show/815857.1587,1587: A Year of No Significance: The Ming Dynasty in Decline
https://book.douban.com/subject/1036490/,万水千山走遍,https://www.goodreads.com/book/show/7442828-wanshuiqianshan-zoubian,萬水千山走遍 [WanShuiQianShan ZouBian]
https://book.douban.com/subject/4187411/,万物有灵且美,https://www.goodreads.com/book/show/38743.All_Things_Bright_and_Beautiful,All Things Bright and Beautiful
https://book.douban.com/subject/2567698/,三体,https://www.goodreads.com/book/show/20518872-the-three-body-problem,The Three-Body Problem
https://book.douban.com/subject/3066477/,三体Ⅱ,https://www.goodreads.com/book/show/23168817-the-dark-forest,The Dark Forest
https://book.douban.com/subject/5363767/,三体Ⅲ,https://www.goodreads.com/book/show/25451264-death-s-end,Death's End
https://book.douban.com/subject/6518605/,三体全集,https://www.goodreads.com/book/show/34569357-remembrance-of-earth-s-past,Remembrance of Earth's Past: The Three-Body Trilogy
https://book.douban.com/subject/1019568/,三国演义（全二册）,https://www.goodreads.com/book/show/158770.Three_Kingdoms,Three Kingdoms
https://book.douban.com/subject/2129427/,三毛从军记全集,https://www.goodreads.com/book/show/30771040-sanmao-joins-the-army-a-complete-collection-of-zhang-leping-s-comics-c,Sanmao Joins the Army (A Complete Collection of Zhang Leping's Comics)(Color Edition) (Chinese Edition) 三毛从军记(彩色版张乐平连环漫画全集)/译林世界连环画漫画经典大系
https://book.douban.com/subject/3426869/,三生三世 十里桃花,https://www.goodreads.com/book/show/33953724,三生三世十里桃花（影视同期纪念版）
https://book.douban.com/subject/1026425/,三重门,https://www.goodreads.com/book/show/6514080,三重门
https://book.douban.com/subject/1859140/,上学记,https://www.goodreads.com/book/show/49465534,上学记
https://book.douban.com/subject/1467022/,上帝掷骰子吗,https://www.goodreads.com/book/show/18814134,上帝掷骰子吗:量子物理史话
https://book.douban.com/subject/3268399/,上海堡垒,https://www.goodreads.com/book/show/29548402,上海堡垒
https://book.douban.com/subject/6789551/,不存在的骑士,https://www.goodreads.com/book/show/174465.Il_cavaliere_inesistente,Il cavaliere inesistente
https://book.douban.com/subject/2382705/,不朽,https://www.goodreads.com/book/show/28634.Immortality,Immortality
https://book.douban.com/subject/1017143/,不能承受的生命之轻,https://www.goodreads.com/book/show/9717.The_Unbearable_Lightness_of_Being,The Unbearable Lightness of Being
https://book.douban.com/subject/1039752/,且听风吟,https://www.goodreads.com/book/show/226973.Hear_the_Wind_Sing,Hear the Wind Sing
https://book.douban.com/subject/4010196/,世界因你不同,https://www.goodreads.com/book/show/13037342-making-a-world-of-difference,Making a World of Difference
https://book.douban.com/subject/1291809/,世界尽头与冷酷仙境,https://www.goodreads.com/book/show/10374.Hard_Boiled_Wonderland_and_the_End_of_the_World,Hard-Boiled Wonderland and the End of the World
https://book.douban.com/subject/26957760/,世界的凛冬,https://www.goodreads.com/book/show/12959233-winter-of-the-world,Winter of the World
https://book.douban.com/subject/1827374/,东方快车谋杀案,https://www.goodreads.com/book/show/853510.Murder_on_the_Orient_Express,Murder on the Orient Express
https://book.douban.com/subject/4874131/,东霓,https://www.goodreads.com/book/show/13638257,东霓
https://book.douban.com/subject/1003479/,中国历代政治得失,https://www.goodreads.com/book/show/20567233,中国历代政治得失
https://book.douban.com/subject/1021273/,中国哲学简史,https://www.goodreads.com/book/show/31907.A_Short_History_of_Chinese_Philosophy,A Short History of Chinese Philosophy
https://book.douban.com/subject/1015699/,中国大历史,https://www.goodreads.com/book/show/734666.China,China: A Macro History
https://book.douban.com/subject/1028409/,中国少年儿童百科全书（全四册）,https://www.goodreads.com/book/show/35638927-chinese-children-s-encyclopedia-4-vols-2017-classic-edition,Chinese Children's Encyclopedia (4 Vols) (2017 Classic Edition) 中国少年儿童百科全书-共4册2017经典版
https://book.douban.com/subject/1012611/,乌合之众,https://www.goodreads.com/book/show/25870624-the-crowd,The Crowd: Study of the Popular Mind
https://book.douban.com/subject/25984204/,乖，摸摸头,https://www.goodreads.com/book/show/24284236,乖，摸摸头
https://book.douban.com/subject/1321017/,九州·缥缈录,https://www.goodreads.com/book/show/25817863,九州·缥缈录
https://book.douban.com/subject/1431779/,九州·缥缈录Ⅱ·苍云古齿,https://www.goodreads.com/book/show/25817906,九州·缥缈录Ⅱ·苍云古齿
https://book.douban.com/subject/2253753/,九州·缥缈录Ⅲ·天下名将,https://www.goodreads.com/book/show/25817921,九州·缥缈录Ⅲ·天下名将
https://book.douban.com/subject/1795079/,乡土中国,https://www.goodreads.com/book/show/134293.From_the_Soil,From the Soil: The Foundations of Chinese Society
https://book.douban.com/subject/1388169/,乱马1/2,https://www.goodreads.com/book/show/23686.Ranma_Vol_1_Ranma_,"Ranma ½, Vol. 1 (Ranma ½"
https://book.douban.com/subject/1008988/,了不起的盖茨比,https://www.goodreads.com/book/show/4671.The_Great_Gatsby,The Great Gatsby
https://book.douban.com/subject/1058234/,二三事,https://www.goodreads.com/book/show/57158718,二三事
https://book.douban.com/subject/26704403/,二手时间,https://www.goodreads.com/book/show/30200112-secondhand-time,Secondhand Time: The Last of the Soviets
https://book.douban.com/subject/2283084/,云中歌1,https://www.goodreads.com/book/show/23635384-1--,云中歌 1 - 绿罗裙
https://book.douban.com/subject/1391191/,京华烟云,https://www.goodreads.com/book/show/1320195.Moment_in_Peking,Moment in Peking
https://book.douban.com/subject/1088022/,亮剑,https://www.goodreads.com/book/show/39816158,亮剑
https://book.douban.com/subject/3369793/,亲爱的安德烈,https://www.goodreads.com/book/show/29974815,亲爱的安德烈
https://book.douban.com/subject/1056295/,人性的弱点全集,https://www.goodreads.com/book/show/4865.How_to_Win_Friends_and_Influence_People,How to Win Friends and Influence People
https://book.douban.com/subject/3803820/,人生,https://www.goodreads.com/book/show/42260689-life,Life
https://book.douban.com/subject/3261600/,人生的智慧,https://www.goodreads.com/book/show/21182.The_Wisdom_of_Life,The Wisdom of Life
https://book.douban.com/subject/2035171/,人生的枷锁,https://www.goodreads.com/book/show/31548.Of_Human_Bondage,Of Human Bondage
https://book.douban.com/subject/1856285/,人生若只如初见,https://www.goodreads.com/book/show/4573734,人生若只如初見
https://book.douban.com/subject/1083762/,人类的群星闪耀时,https://www.goodreads.com/book/show/59156.Decisive_Moments_in_History,Decisive Moments in History
https://book.douban.com/subject/25985021/,人类简史,https://www.goodreads.com/book/show/23692271-sapiens,Sapiens: A Brief History of Humankind
https://book.douban.com/subject/4011670/,人间失格,https://www.goodreads.com/book/show/194746.No_Longer_Human,No Longer Human
https://book.douban.com/subject/1253310/,人间草木,https://www.goodreads.com/book/show/35477508,人间草木
https://book.douban.com/subject/1203426/,人间词话,https://www.goodreads.com/book/show/18679501,人间词话
https://book.douban.com/subject/1102715/,从一到无穷大,https://www.goodreads.com/book/show/52670.One_Two_Three_Infinity,"One, Two, Three...Infinity: Facts and Speculations of Science"
https://book.douban.com/subject/25747921/,从你的全世界路过,https://www.goodreads.com/book/show/19549003,从你的全世界路过
https://book.douban.com/subject/3394338/,他的国,https://www.goodreads.com/book/show/18171758,他的国
https://book.douban.com/subject/1005521/,伊豆的舞女,https://www.goodreads.com/book/show/14030.The_Dancing_Girl_of_Izu_and_Other_Stories,The Dancing Girl of Izu and Other Stories
https://book.douban.com/subject/20507206/,众病之王,https://www.goodreads.com/book/show/7170627-the-emperor-of-all-maladies,The Emperor of All Maladies: A Biography of Cancer
https://book.douban.com/subject/1291760/,会有天使替我爱你,https://www.goodreads.com/book/show/10049464,会有天使替我爱你
https://book.douban.com/subject/1439216/,伯爵該隱 ~ 诅咒之子,https://www.goodreads.com/book/show/240981.The_Cain_Saga_Volume_01,"The Cain Saga, Volume 01"
https://book.douban.com/subject/2008284/,佐贺的超级阿嬷,https://www.goodreads.com/book/show/1546484._Saga_no_gabai_b_chan_,佐賀のがばいばあちゃん [Saga no gabai bāchan]
https://book.douban.com/subject/1461903/,何以笙箫默,https://www.goodreads.com/book/show/13097540,何以笙箫默
https://book.douban.com/subject/4872671/,佛祖在一号线,https://www.goodreads.com/book/show/34679679,佛祖在一号线
https://book.douban.com/subject/5366248/,你一定爱读的极简欧洲史,https://www.goodreads.com/book/show/6934913-the-shortest-history-of-europe,The Shortest History of Europe
https://book.douban.com/subject/26295448/,你一生的故事,https://www.goodreads.com/book/show/223380.Stories_of_Your_Life_and_Others,Stories of Your Life and Others
https://book.douban.com/subject/26602392/,你今天真好看,https://www.goodreads.com/book/show/20578515-the-little-world-of-liz-climo,The Little World of Liz Climo
https://book.douban.com/subject/4166819/,你好，旧时光（上 下）,https://www.goodreads.com/book/show/19224609---,你好，旧时光--三周年完美纪念版，套装全三册 (Chinese Edition)
https://book.douban.com/subject/33440205/,你当像鸟飞往你的山,https://www.goodreads.com/book/show/42616411-educated,Educated: A Memoir
https://book.douban.com/subject/1962929/,佳期如梦,https://www.goodreads.com/book/show/25051940,佳期如梦
https://book.douban.com/subject/1070851/,倚天屠龙记(共四册),https://www.goodreads.com/book/show/3231288-the-heavenly-sword-and-the-dragon-saber,倚天屠龍記 The Heavenly Sword and the Dragon Saber
https://book.douban.com/subject/1090043/,倾城之恋,https://www.goodreads.com/book/show/189123.Love_in_a_Fallen_City,Love in a Fallen City
https://book.douban.com/subject/2180619/,偷书贼,https://www.goodreads.com/book/show/19063.The_Book_Thief,The Book Thief
https://book.douban.com/subject/10763902/,偷影子的人,https://www.goodreads.com/book/show/22884916-the-shadow-thief,The Shadow Thief
https://book.douban.com/subject/1083428/,傲慢与偏见,https://www.goodreads.com/book/show/1885.Pride_and_Prejudice,Pride and Prejudice
https://book.douban.com/subject/1009160/,像少年啦飞驰,https://www.goodreads.com/book/show/19286437,像少年啦飞驰
https://book.douban.com/subject/1401425/,兄弟（上）,https://www.goodreads.com/book/show/3920295-brothers,Brothers
https://book.douban.com/subject/33658616/,克莱因壶,https://www.goodreads.com/book/show/19016086,クラインの壷
https://book.douban.com/subject/10583099/,全球通史,https://www.goodreads.com/book/show/3961415-a-global-history,A Global History: From Prehistory to the 21st Century
https://book.douban.com/subject/1029159/,八月未央,https://www.goodreads.com/book/show/45695150,八月未央
https://book.douban.com/subject/1926700/,关于莉莉周的一切,https://www.goodreads.com/book/show/3153324-ririi-shiyushiyu-no-subete,リリイ・シュシュのすべて[Ririi Shiyushiyu no Subete]
https://book.douban.com/subject/1001193/,再见了，可鲁,https://www.goodreads.com/book/show/16065946-quill-the-life-of-a-guide-dog,Quill. The Life of a Guide Dog
https://book.douban.com/subject/10522856/,冬牧场,https://www.goodreads.com/book/show/54224001-winter-pasture,Winter Pasture: One Woman's Journey with China's Kazakh Herders
https://book.douban.com/subject/1336330/,冰与火之歌（卷一）,https://www.goodreads.com/book/show/13496.A_Game_of_Thrones,A Game of Thrones
https://book.douban.com/subject/1986291/,冰与火之歌（卷三）,https://www.goodreads.com/book/show/62291.A_Storm_of_Swords,A Storm of Swords
https://book.douban.com/subject/1464203/,冰与火之歌（卷二）,https://www.goodreads.com/book/show/10572.A_Clash_of_Kings,A Clash of Kings
https://book.douban.com/subject/2035162/,刀锋,https://www.goodreads.com/book/show/31196.The_Razor_s_Edge,The Razor's Edge
https://book.douban.com/subject/10555486/,分成两半的子爵,https://www.goodreads.com/book/show/112480.Il_visconte_dimezzato,Il visconte dimezzato
https://book.douban.com/subject/1037602/,别闹了，费曼先生,https://www.goodreads.com/book/show/35167685-surely-you-re-joking-mr-feynman,"""Surely You're Joking, Mr. Feynman!"": Adventures of a Curious Character"
https://book.douban.com/subject/2035179/,动物农场,https://www.goodreads.com/book/show/170448.Animal_Farm,Animal Farm
https://book.douban.com/subject/1143694/,动物凶猛,https://www.goodreads.com/book/show/23810865,动物凶猛
https://book.douban.com/subject/2567919/,匆匆那年（上下）,https://www.goodreads.com/book/show/12148245,匆匆那年
https://book.douban.com/subject/1963684/,半生缘,https://www.goodreads.com/book/show/25937741-half-a-lifelong-romance,Half a Lifelong Romance
https://book.douban.com/subject/5916880/,华胥引（全二册）,https://www.goodreads.com/book/show/17828322,华胥引
https://book.douban.com/subject/1440972/,博尔赫斯小说集,https://www.goodreads.com/book/show/17961.Collected_Fictions,Collected Fictions
https://book.douban.com/subject/10740776/,占星术杀人魔法,https://www.goodreads.com/book/show/1321926.The_Tokyo_Zodiac_Murders,The Tokyo Zodiac Murders
https://book.douban.com/subject/1066165/,卡尔维诺文集（第三卷）,https://www.goodreads.com/book/show/9806.Our_Ancestors,"Our Ancestors: The Cloven Viscount, The Baron in the Trees, The Non-Existent Knight"
https://book.douban.com/subject/1856494/,卡拉马佐夫兄弟,https://www.goodreads.com/book/show/4934.The_Brothers_Karamazov,The Brothers Karamazov
https://book.douban.com/subject/1027191/,历史深处的忧虑,https://www.goodreads.com/book/show/6072646,历史深处的忧虑：近距离看美国之一
https://book.douban.com/subject/25836270/,厌女,https://www.goodreads.com/book/show/51874366-disgust-against-women,Disgust against Women (The Feeling of Disgust against Females in Japan)
https://book.douban.com/subject/2331434/,原来你还在这里,https://www.goodreads.com/book/show/26166776-right-here-waiting,Right Here Waiting原来你还在这里
https://book.douban.com/subject/1760432/,受戒,https://www.goodreads.com/book/show/30735902,受戒
https://book.douban.com/subject/1213546/,变形记,https://www.goodreads.com/book/show/485894.The_Metamorphosis,The Metamorphosis
https://book.douban.com/subject/1014561/,古文观止,https://www.goodreads.com/book/show/18870949,古文观止
https://book.douban.com/subject/1420423/,古汉语常用字字典,https://www.goodreads.com/book/show/3217118,古汉语常用字字典
https://book.douban.com/subject/10471333/,叫魂,https://www.goodreads.com/book/show/61543.Soulstealers,Soulstealers: The Chinese Sorcery Scare of 1768
https://book.douban.com/subject/3860856/,可爱的洪水猛兽,https://www.goodreads.com/book/show/19259257,可爱的洪水猛兽: 我就像这个世界
https://book.douban.com/subject/5337248/,台北人,https://www.goodreads.com/book/show/1035825.Taipei_People,Taipei People
https://book.douban.com/subject/6798611/,史蒂夫·乔布斯传,https://www.goodreads.com/book/show/11084145-steve-jobs,Steve Jobs
https://book.douban.com/subject/1077847/,史记（全十册）,https://www.goodreads.com/book/show/6316920,史记
https://book.douban.com/subject/1138986/,名侦探柯南42,https://www.goodreads.com/book/show/1266106._42,名探偵コナン 42
https://book.douban.com/subject/2004407/,后宫·甄嬛传Ⅰ,https://www.goodreads.com/book/show/22674805,后宫·甄嬛传Ⅰ
https://book.douban.com/subject/1066462/,向左走·向右走,https://www.goodreads.com/book/show/777405.A_Chance_of_Sunshine,A Chance of Sunshine
https://book.douban.com/subject/1016523/,告别薇安,https://www.goodreads.com/book/show/32502968-farewell-to-vivian,Farewell to Vivian 告别薇安
https://book.douban.com/subject/3920130/,告白,https://www.goodreads.com/book/show/8136791-kokuhaku,告白 [Kokuhaku]
https://book.douban.com/subject/3920130/,告白,https://www.goodreads.com/book/show/8136791-kokuhaku,告白 [Kokuhaku]
https://book.douban.com/subject/1449351/,呐喊,https://www.goodreads.com/book/show/426117.Call_to_Arms_,Call to Arms 呐喊
https://book.douban.com/subject/1060852/,呼兰河传,https://www.goodreads.com/book/show/11067469-tales-of-hulan-river,Tales of Hulan River
https://book.douban.com/subject/1119522/,呼啸山庄,https://www.goodreads.com/book/show/6185.Wuthering_Heights,Wuthering Heights
https://book.douban.com/subject/1013129/,哈利·波特与凤凰社,https://www.goodreads.com/book/show/2.Harry_Potter_and_the_Order_of_the_Phoenix,Harry Potter and the Order of the Phoenix
https://book.douban.com/subject/1039487/,哈利·波特与密室,https://www.goodreads.com/book/show/15881.Harry_Potter_and_the_Chamber_of_Secrets,Harry Potter and the Chamber of Secrets
https://book.douban.com/subject/2295163/,哈利·波特与死亡圣器,https://www.goodreads.com/book/show/136251.Harry_Potter_and_the_Deathly_Hallows,Harry Potter and the Deathly Hallows
https://book.douban.com/subject/1432596/,哈利·波特与混血王子,https://www.goodreads.com/book/show/1.Harry_Potter_and_the_Half_Blood_Prince,Harry Potter and the Half-Blood Prince
https://book.douban.com/subject/1009257/,哈利·波特与火焰杯,https://www.goodreads.com/book/show/6.Harry_Potter_and_the_Goblet_of_Fire,Harry Potter and the Goblet of Fire
https://book.douban.com/subject/1071241/,哈利·波特与阿兹卡班的囚徒,https://www.goodreads.com/book/show/5.Harry_Potter_and_the_Prisoner_of_Azkaban,Harry Potter and the Prisoner of Azkaban
https://book.douban.com/subject/1041007/,哈利·波特与魔法石,https://www.goodreads.com/book/show/3.Harry_Potter_and_the_Sorcerer_s_Stone,Harry Potter and the Sorcerer's Stone
https://book.douban.com/subject/6856772/,哈利·波特精装全集（套装全7册）,https://www.goodreads.com/book/show/862041.Harry_Potter_Series_Box_Set,Harry Potter Series Box Set
https://book.douban.com/subject/1006197/,哈姆莱特,https://www.goodreads.com/book/show/1420.Hamlet,Hamlet
https://book.douban.com/subject/1029111/,哭泣的骆驼,https://www.goodreads.com/book/show/17448715,哭泣的骆驼
https://book.douban.com/subject/1013267/,唐诗三百首,https://www.goodreads.com/book/show/6062859-three-hundred-tang-poems,Three Hundred Tang Poems
https://book.douban.com/subject/2022979/,喜宝,https://www.goodreads.com/book/show/17319289,喜寶
https://book.douban.com/subject/3183775/,四世同堂,https://www.goodreads.com/book/show/36272323-four-generations-under-one-roof,四世同堂 Four Generations under One Roof
https://book.douban.com/subject/1008145/,围城,https://www.goodreads.com/book/show/595108.Fortress_Besieged,Fortress Besieged
https://book.douban.com/subject/1015452/,国境以南 太阳以西,https://www.goodreads.com/book/show/17799.South_of_the_Border_West_of_the_Sun,"South of the Border, West of the Sun"
https://book.douban.com/subject/1046492/,國史大綱（上下）,https://www.goodreads.com/book/show/4586897,國史大綱
https://book.douban.com/subject/2285572/,圣传,https://www.goodreads.com/book/show/27023.RG_Veda_Vol_01,"RG Veda, Vol. 01"
https://book.douban.com/subject/1917972/,在路上,https://www.goodreads.com/book/show/70401.On_the_Road,On the Road
https://book.douban.com/subject/1056733/,地下铁,https://www.goodreads.com/book/show/750456.The_Sound_of_Colors,The Sound of Colors: A Journey of the Imagination
https://book.douban.com/subject/1254588/,城南旧事,https://www.goodreads.com/book/show/29849780,城南旧事
https://book.douban.com/subject/1258490/,基地,https://www.goodreads.com/book/show/29579.Foundation,Foundation
https://book.douban.com/subject/1085860/,基督山伯爵,https://www.goodreads.com/book/show/7126.The_Count_of_Monte_Cristo,The Count of Monte Cristo
https://book.douban.com/subject/1036274/,夏洛的网,https://www.goodreads.com/book/show/24178.Charlotte_s_Web,Charlotte's Web
https://book.douban.com/subject/1422833/,多情剑客无情剑(上、中、下),https://www.goodreads.com/book/show/4942693-sentimental-swordsman-ruthless-sword,"Sentimental Swordsman, Ruthless Sword"
https://book.douban.com/subject/3654604/,天使与魔鬼,https://www.goodreads.com/book/show/960.Angels_Demons,Angels & Demons
https://book.douban.com/subject/1424694/,天堂之吻 (Vol. 1),https://www.goodreads.com/book/show/16012.Paradise_Kiss_Vol_1,"Paradise Kiss, Vol. 1"
https://book.douban.com/subject/4242172/,天才在左 疯子在右,https://www.goodreads.com/book/show/11852272,天才在左疯子在右
https://book.douban.com/subject/1853785/,天是红河岸,https://www.goodreads.com/book/show/357399.Red_River_Vol_1,"Red River, Vol. 1"
https://book.douban.com/subject/1675478/,天朝的崩溃,https://www.goodreads.com/book/show/30462616-the-qing-empire-and-the-opium-war,The Qing Empire and the Opium War: The Collapse of the Heavenly Dynasty
https://book.douban.com/subject/1255625/,天龙八部,https://www.goodreads.com/book/show/1288284._,天龙八部
https://book.douban.com/subject/4238754/,失恋33天,https://www.goodreads.com/book/show/13482789-33,失恋33天
https://book.douban.com/subject/20428302/,失明症漫记,https://www.goodreads.com/book/show/40495148-blindness,Blindness
https://book.douban.com/subject/1033190/,失落的一角,https://www.goodreads.com/book/show/30122.The_Missing_Piece,The Missing Piece
https://book.douban.com/subject/1030200/,失落的一角遇见大圆满,https://www.goodreads.com/book/show/30125.The_Missing_Piece_Meets_the_Big_O,The Missing Piece Meets the Big O
https://book.douban.com/subject/4171951/,失落的秘符,https://www.goodreads.com/book/show/6411961-the-lost-symbol,The Lost Symbol
https://book.douban.com/subject/30172069/,失踪的孩子,https://www.goodreads.com/book/show/25242224-the-story-of-the-lost-child,The Story of the Lost Child
https://book.douban.com/subject/1013208/,如何阅读一本书,https://www.goodreads.com/book/show/567610.How_to_Read_a_Book,How to Read a Book: The Classic Guide to Intelligent Reading
https://book.douban.com/subject/27611824/,如父如子,https://www.goodreads.com/book/show/25010567,そして父になる
https://book.douban.com/subject/2043313/,妖怪連絡簿 1,https://www.goodreads.com/book/show/57764209-1,妖怪連絡簿 1
https://book.douban.com/subject/1025753/,妻妾成群,https://www.goodreads.com/book/show/18805106,妻妾成群
https://book.douban.com/subject/26319730/,娱乐至死,https://www.goodreads.com/book/show/74034.Amusing_Ourselves_to_Death,Amusing Ourselves to Death: Public Discourse in the Age of Show Business
https://book.douban.com/subject/3211779/,嫌疑人X的献身,https://www.goodreads.com/book/show/8686068-the-devotion-of-suspect-x,The Devotion of Suspect X
https://book.douban.com/subject/4188697/,子不语 1-2,https://www.goodreads.com/book/show/25714165,"子不语(1,2)"
https://book.douban.com/subject/4934332/,子不语3,https://www.goodreads.com/book/show/58955424-3,子不语 3
https://book.douban.com/subject/1949420/,孙子兵法,https://www.goodreads.com/book/show/10534.The_Art_of_War,The Art of War
https://book.douban.com/subject/4124727/,孤独六讲,https://www.goodreads.com/book/show/25937478,孤独六讲
https://book.douban.com/subject/4207781/,孩子你慢慢来,https://www.goodreads.com/book/show/23507935,孩子你慢慢来
https://book.douban.com/subject/5337254/,孽子,https://www.goodreads.com/book/show/857141.Crystal_Boys,Crystal Boys
https://book.douban.com/subject/2253380/,安娜·卡列尼娜,https://www.goodreads.com/book/show/15823480-anna-karenina,Anna Karenina
https://book.douban.com/subject/1046209/,安徒生童话故事集,https://www.goodreads.com/book/show/46306.The_Complete_Fairy_Tales,The Complete Fairy Tales
https://book.douban.com/subject/1140727/,安德的游戏,https://www.goodreads.com/book/show/375802.Ender_s_Game,Ender's Game
https://book.douban.com/subject/1033778/,富爸爸，穷爸爸,https://www.goodreads.com/book/show/69571.Rich_Dad_Poor_Dad,"Rich Dad, Poor Dad"
https://book.douban.com/subject/1031740/,寻羊冒险记,https://www.goodreads.com/book/show/11298.A_Wild_Sheep_Chase,A Wild Sheep Chase
https://book.douban.com/subject/5414391/,寻路中国,https://www.goodreads.com/book/show/6945572-country-driving,Country Driving: A Journey Through China from Farm to Factory
https://book.douban.com/subject/1044547/,射雕英雄传（全四册）,https://www.goodreads.com/book/show/1589878._,射雕英雄传（全四册）
https://book.douban.com/subject/3616310/,小团圆,https://www.goodreads.com/book/show/34857576-little-reunions,Little Reunions
https://book.douban.com/subject/3012517/,小姨多鹤,https://www.goodreads.com/book/show/25608497,小姨多鹤
https://book.douban.com/subject/25796120/,小径分岔的花园,https://www.goodreads.com/book/show/10438328-the-garden-of-forking-paths,The Garden of Forking Paths
https://book.douban.com/subject/3191328/,小时代1.0折纸时代,https://www.goodreads.com/book/show/7254913-1-0--,小时代 1.0 - 折纸时代
https://book.douban.com/subject/4038164/,小时代2.0虚铜时代,https://www.goodreads.com/book/show/8010201-tiny-times-2-0,Tiny Times 2.0
https://book.douban.com/subject/1084336/,小王子,https://www.goodreads.com/book/show/157993.The_Little_Prince,The Little Prince
https://book.douban.com/subject/1091203/,少年凯歌,https://www.goodreads.com/book/show/53362210,少年凯歌
https://book.douban.com/subject/1775691/,少有人走的路,https://www.goodreads.com/book/show/347852.The_Road_Less_Traveled,"The Road Less Traveled: A New Psychology of Love, Traditional Values and Spiritual Growth"
https://book.douban.com/subject/1915536/,尘埃星球,https://www.goodreads.com/book/show/13617173,尘埃星球
https://book.douban.com/subject/1080309/,尘埃落定,https://www.goodreads.com/book/show/15919698,尘埃落定
https://book.douban.com/subject/1818347/,尼罗河上的惨案,https://www.goodreads.com/book/show/131359.Death_on_the_Nile,Death on the Nile
https://book.douban.com/subject/4908885/,局外人,https://www.goodreads.com/book/show/49552.The_Stranger,The Stranger
https://book.douban.com/subject/2243213/,山楂树之恋,https://www.goodreads.com/book/show/18964971,山楂树之恋 (Chinese Edition)
https://book.douban.com/subject/26340138/,岛上书店,https://www.goodreads.com/book/show/18293427-the-storied-life-of-a-j-fikry,The Storied Life of A.J. Fikry
https://book.douban.com/subject/1469051/,左耳,https://www.goodreads.com/book/show/22175949,左耳
https://book.douban.com/subject/26698660/,巨人的陨落,https://www.goodreads.com/book/show/7315573-fall-of-giants,Fall of Giants
https://book.douban.com/subject/4842446/,巨流河,https://www.goodreads.com/book/show/9672093,巨流河
https://book.douban.com/subject/2139305/,巴别塔之犬,https://www.goodreads.com/book/show/89691.The_Dogs_of_Babel,The Dogs of Babel
https://book.douban.com/subject/1024197/,巴黎圣母院,https://www.goodreads.com/book/show/30600.Notre_Dame_de_Paris,Notre-Dame de Paris
https://book.douban.com/subject/1001885/,带一本书去巴黎,https://www.goodreads.com/book/show/8263787,带一本书去巴黎
https://book.douban.com/subject/3344676/,常识,https://www.goodreads.com/book/show/11204172,常识
https://book.douban.com/subject/1200840/,平凡的世界（全三部）,https://www.goodreads.com/book/show/12638370,平凡的世界（全三册）
https://book.douban.com/subject/1227838/,年华是无效信,https://www.goodreads.com/book/show/13628296-finally-we-are-no-one,年华是无效信 （Finally We Are No One）
https://book.douban.com/subject/1059406/,幻城,https://www.goodreads.com/book/show/6514077,幻城
https://book.douban.com/subject/4009552/,幻夜,https://www.goodreads.com/book/show/1995980._Gen_ya_,幻夜 [Gen'ya]
https://book.douban.com/subject/1421921/,幽游白书（全19册）,https://www.goodreads.com/book/show/432033.Yuyu_Hakusho_Volume_1,"Yuyu Hakusho, Volume 1"
https://book.douban.com/subject/2046236/,庄子,https://www.goodreads.com/book/show/313972.The_Way_of_Chuang_Tzu,The Way of Chuang Tzu (Shambhala Library)
https://book.douban.com/subject/1004992/,张爱玲文集,https://www.goodreads.com/book/show/1297579._,张爱玲文集
https://book.douban.com/subject/26210487/,强风吹拂,https://www.goodreads.com/book/show/3234259-kaze-ga-tsuyoku-fuite-iru,風が強く吹いている [Kaze ga tsuyoku fuite iru]
https://book.douban.com/subject/26896859/,当呼吸化为空气,https://www.goodreads.com/book/show/25899336-when-breath-becomes-air,When Breath Becomes Air
https://book.douban.com/subject/4010969/,当我们谈论爱情时我们在谈论什么,https://www.goodreads.com/book/show/11438.What_We_Talk_About_When_We_Talk_About_Love,What We Talk About When We Talk About Love
https://book.douban.com/subject/3369600/,当我谈跑步时我谈些什么,https://www.goodreads.com/book/show/2195464.What_I_Talk_About_When_I_Talk_About_Running,What I Talk About When I Talk About Running
https://book.douban.com/subject/1786387/,影响力,https://www.goodreads.com/book/show/28815.Influence,Influence: The Psychology of Persuasion
https://book.douban.com/subject/1449348/,彷徨,https://www.goodreads.com/book/show/18903850,彷徨
https://book.douban.com/subject/1065970/,彼岸花,https://www.goodreads.com/book/show/31346255,彼岸花(精装典藏版)(精)
https://book.douban.com/subject/1001136/,彼得·潘,https://www.goodreads.com/book/show/34268.Peter_Pan,Peter Pan
https://book.douban.com/subject/3879301/,微微一笑很倾城,https://www.goodreads.com/book/show/9639127,微微一笑很倾城 (A Slight Smile is Very Charming)
https://book.douban.com/subject/3578470/,德米安,https://www.goodreads.com/book/show/24861.Demian,Demian: Die Geschichte von Emil Sinclairs Jugend
https://book.douban.com/subject/1424741/,心是孤独的猎手,https://www.goodreads.com/book/show/37380.The_Heart_Is_a_Lonely_Hunter,The Heart Is a Lonely Hunter
https://book.douban.com/subject/1032501/,心理学与生活,https://www.goodreads.com/book/show/1035242.Psychology_and_Life,Psychology and Life
https://book.douban.com/subject/1056315/,总统是靠不住的,https://www.goodreads.com/book/show/6090245,总统是靠不住的：近距离看美国之二
https://book.douban.com/subject/1180102/,恐怖宠物店（10）,https://www.goodreads.com/book/show/182541.Pet_Shop_of_Horrors_Volume_10,"Pet Shop of Horrors, Volume 10"
https://book.douban.com/subject/3646172/,恶意,https://www.goodreads.com/book/show/20613611-malice,Malice
https://book.douban.com/subject/3406401/,悉达多,https://www.goodreads.com/book/show/52036.Siddhartha,Siddhartha
https://book.douban.com/subject/1003000/,悟空传,https://www.goodreads.com/book/show/18049361,悟空传
https://book.douban.com/subject/2062200/,悲伤逆流成河,https://www.goodreads.com/book/show/44074444,悲傷逆流成河
https://book.douban.com/subject/1205054/,悲惨世界（上中下）,https://www.goodreads.com/book/show/24280.Les_Mis_rables,Les Misérables
https://book.douban.com/subject/1080370/,情书,https://www.goodreads.com/book/show/26851296,ラヴレター
https://book.douban.com/subject/1400705/,情人,https://www.goodreads.com/book/show/275.The_Lover,The Lover
https://book.douban.com/subject/26414020/,我不喜欢这世界，我只喜欢你,https://www.goodreads.com/book/show/26228912,我不喜欢这世界，我只喜欢你
https://book.douban.com/subject/25884880/,我不知道该说什么，关于死亡还是爱情,https://www.goodreads.com/book/show/357486.Voices_from_Chernobyl,Voices from Chernobyl: The Oral History of a Nuclear Disaster
https://book.douban.com/subject/1209899/,我与地坛,https://www.goodreads.com/book/show/18048869,我与地坛
https://book.douban.com/subject/1014825/,我也有一个梦想,https://www.goodreads.com/book/show/6090270,我也有一个梦想：近距离看美国之三
https://book.douban.com/subject/1023045/,我们仨,https://www.goodreads.com/book/show/23507595,我们仨
https://book.douban.com/subject/4113090/,我们台湾这些年,https://www.goodreads.com/book/show/8025737,我们台湾这些年
https://book.douban.com/subject/3642673/,我执,https://www.goodreads.com/book/show/23167319,我执
https://book.douban.com/subject/26878124/,我的天才女友,https://www.goodreads.com/book/show/35036409-my-brilliant-friend,My Brilliant Friend
https://book.douban.com/subject/1021847/,我的心中每天开出一朵花,https://www.goodreads.com/book/show/24631144,我的心中每天开出一朵花
https://book.douban.com/subject/1014578/,我的精神家园,https://www.goodreads.com/book/show/6553671,我的精神家园
https://book.douban.com/subject/1431836/,我的路,https://www.goodreads.com/book/show/6657173,我的路 (My Way)
https://book.douban.com/subject/2131415/,我的路2,https://www.goodreads.com/book/show/6657214-2,我的路2: 时间海洋 (My Way 2: Time Ocean)
https://book.douban.com/subject/1819974/,我的路3,https://www.goodreads.com/book/show/6657217-3,我的路3:蓝色饼干 (My Way 3: Blue Cookies)
https://book.douban.com/subject/2067299/,我的路4,https://www.goodreads.com/book/show/7009291-4,我的路4：春暖花开 (My Way 4: Spring Scenery)
https://book.douban.com/subject/4884218/,我的阿勒泰,https://www.goodreads.com/book/show/28634773,我的阿勒泰
https://book.douban.com/subject/27614904/,房思琪的初恋乐园,https://www.goodreads.com/book/show/38481792,房思琪的初恋乐园
https://book.douban.com/subject/6401128/,批评官员的尺度,https://www.goodreads.com/book/show/27405.Make_No_Law,Make No Law: The Sullivan Case and the First Amendment
https://book.douban.com/subject/3609132/,把时间当作朋友,https://www.goodreads.com/book/show/8337694,把时间当作朋友
https://book.douban.com/subject/4953695/,拆掉思维里的墙,https://www.goodreads.com/book/show/18752137,拆掉思维里的墙:原来我还可以这样活 (Chinese Edition)
https://book.douban.com/subject/1046265/,挪威的森林,https://www.goodreads.com/book/show/11297.Norwegian_Wood,Norwegian Wood
https://book.douban.com/subject/26356948/,摆渡人,https://www.goodreads.com/book/show/35483484-ferryman,Ferryman
https://book.douban.com/subject/1361264/,撒哈拉的故事,https://www.goodreads.com/book/show/52392347-stories-of-the-sahara,Stories of the Sahara
https://book.douban.com/subject/4074636/,放学后,https://www.goodreads.com/book/show/9633534,放學後
https://book.douban.com/subject/25976544/,故事,https://www.goodreads.com/book/show/48654.Story,"Story: Substance, Structure, Style, and the Principles of Screenwriting"
https://book.douban.com/subject/2046909/,故事新编,https://www.goodreads.com/book/show/931389.Old_Tales_Retold_,Old Tales Retold 故事新编
https://book.douban.com/subject/1092335/,教父,https://www.goodreads.com/book/show/22034.The_Godfather,The Godfather
https://book.douban.com/subject/1050339/,文化苦旅,https://www.goodreads.com/book/show/12265455,文化苦旅
https://book.douban.com/subject/20440644/,文学回忆录,https://www.goodreads.com/book/show/25009028,文学回忆录
https://book.douban.com/subject/26425831/,斯通纳,https://www.goodreads.com/book/show/166997.Stoner,Stoner
https://book.douban.com/subject/1001896/,新华字典（1998年修订本）,https://www.goodreads.com/book/show/6317674,新华字典
https://book.douban.com/subject/6746289/,新参者,https://www.goodreads.com/book/show/33602102-newcomer,Newcomer
https://book.douban.com/subject/26986954/,新名字的故事,https://www.goodreads.com/book/show/17465515-the-story-of-a-new-name,The Story of a New Name
https://book.douban.com/subject/3006581/,无人生还,https://www.goodreads.com/book/show/16299.And_Then_There_Were_None,And Then There Were None
https://book.douban.com/subject/26382433/,无声告白,https://www.goodreads.com/book/show/18693763-everything-i-never-told-you,Everything I Never Told You
https://book.douban.com/subject/2056749/,时间旅行者的妻子,https://www.goodreads.com/book/show/18619684-the-time-traveler-s-wife,The Time Traveler's Wife
https://book.douban.com/subject/1034282/,时间简史,https://www.goodreads.com/book/show/3869.A_Brief_History_of_Time,A Brief History of Time
https://book.douban.com/subject/3674537/,明朝那些事儿（1-9）,https://www.goodreads.com/book/show/29660948-9,明朝那些事儿 (套装共9册)
https://book.douban.com/subject/3009821/,明朝那些事儿（伍）,https://www.goodreads.com/book/show/22442841,明朝那些事兒 伍
https://book.douban.com/subject/2052448/,明朝那些事儿（叁）,https://www.goodreads.com/book/show/19060564,明朝那些事儿第參部：妖孽宫廷
https://book.douban.com/subject/1873231/,明朝那些事儿（壹）,https://www.goodreads.com/book/show/18876061,明朝那些事儿第壹部：洪武大帝
https://book.douban.com/subject/3626924/,明朝那些事儿（柒）,https://www.goodreads.com/book/show/19074881,明朝那些事儿第柒部：大结局
https://book.douban.com/subject/2253642/,明朝那些事儿（肆）,https://www.goodreads.com/book/show/19037355,明朝那些事儿第肆部：粉饰太平
https://book.douban.com/subject/1949338/,明朝那些事儿（贰）,https://www.goodreads.com/book/show/19060560,明朝那些事儿第貳部：万国来朝
https://book.douban.com/subject/3274113/,明朝那些事儿（陆）,https://www.goodreads.com/book/show/18928721,明朝那些事儿第陆部：日暮西山
https://book.douban.com/subject/3665874/,星空,https://www.goodreads.com/book/show/15741660-the-starry-starry-night,The Starry Starry Night เดอะ สตาร์รี สตาร์รีไนท์
https://book.douban.com/subject/1062343/,昨日的世界,https://www.goodreads.com/book/show/629429.The_World_of_Yesterday,The World of Yesterday
https://book.douban.com/subject/3506871/,曾有一个人，爱我如生命,https://www.goodreads.com/book/show/18597161,曾有一个人，爱我如生命
https://book.douban.com/subject/4011440/,最初的爱情 最后的仪式,https://www.goodreads.com/book/show/3526.First_Love_Last_Rites,"First Love, Last Rites"
https://book.douban.com/subject/26576861/,最好的告别,https://www.goodreads.com/book/show/20696006-being-mortal,Being Mortal: Medicine and What Matters in the End
https://book.douban.com/subject/24754316/,最好的我们,https://www.goodreads.com/book/show/19129934,最好的我们 (Chinese Edition)
https://book.douban.com/subject/1858513/,月亮和六便士,https://www.goodreads.com/book/show/44796.The_Moon_and_Sixpence,The Moon and Sixpence
https://book.douban.com/subject/1358873/,月亮忘記了,https://www.goodreads.com/book/show/2383129.When_the_Moon_Forgot,When the Moon Forgot
https://book.douban.com/subject/1794844/,有一天啊，宝宝……,https://www.goodreads.com/book/show/18628216,"有一天啊, 寶寶"
https://book.douban.com/subject/3537590/,朗读者,https://www.goodreads.com/book/show/101299.The_Reader,The Reader
https://book.douban.com/subject/1449352/,朝花夕拾,https://www.goodreads.com/book/show/18663411,朝花夕拾
https://book.douban.com/subject/26943161/,未来简史,https://www.goodreads.com/book/show/31138556-homo-deus,Homo Deus: A History of Tomorrow
https://book.douban.com/subject/1102403/,机器猫哆啦A梦（共45册）,https://www.goodreads.com/book/show/58961943-a-45,机器猫哆啦A梦（共45册）
https://book.douban.com/subject/1204889/,机器猫哆啦A梦23,https://www.goodreads.com/book/show/6131715-doraemon-buku-ke-23,Doraemon Buku Ke-23
https://book.douban.com/subject/6781808/,杀死一只知更鸟,https://www.goodreads.com/book/show/2657.To_Kill_a_Mockingbird,To Kill a Mockingbird
https://book.douban.com/subject/3323987/,杜拉拉2华年似水,https://www.goodreads.com/book/show/31296781-2,杜拉拉2：华年似水
https://book.douban.com/subject/2256039/,杜拉拉升职记,https://www.goodreads.com/book/show/9754919,杜拉拉升职记
https://book.douban.com/subject/1886385/,来不及说我爱你,https://www.goodreads.com/book/show/54275100,来不及说我爱你（典藏版）
https://book.douban.com/subject/1329941/,東京BABYLON (Vol. 1),https://www.goodreads.com/book/show/1792314._BABYLON_1,東京BABYLON 1
https://book.douban.com/subject/1813841/,枪炮、病菌与钢铁,https://www.goodreads.com/book/show/1842.Guns_Germs_and_Steel,"Guns, Germs, and Steel: The Fates of Human Societies"
https://book.douban.com/subject/1316648/,查令十字街84号,https://www.goodreads.com/book/show/368916.84_Charing_Cross_Road,"84, Charing Cross Road"
https://book.douban.com/subject/6789605/,树上的男爵,https://www.goodreads.com/book/show/9804.The_Baron_in_the_Trees,The Baron in the Trees
https://book.douban.com/subject/1043008/,格林童话全集,https://www.goodreads.com/book/show/22917.The_Complete_Grimm_s_Fairy_Tales,The Complete Grimm's Fairy Tales
https://book.douban.com/subject/2070844/,梦里花落知多少,https://www.goodreads.com/book/show/3436769,梦里花落知多少(Never-Flowers in Never Dream)
https://book.douban.com/subject/1016300/,梦里花落知多少,https://www.goodreads.com/book/show/3436769,梦里花落知多少(Never-Flowers in Never Dream)
https://book.douban.com/subject/1020961/,棋王,https://www.goodreads.com/book/show/31410593,棋王
https://book.douban.com/subject/1226062/,棋魂·光之棋（1）,https://www.goodreads.com/book/show/13590.Hikaru_no_Go_Vol_1,"Hikaru no Go, Vol. 1: Descent of the Go Master"
https://book.douban.com/subject/1006004/,樱桃之远,https://www.goodreads.com/book/show/53074133,樱桃之远
https://book.douban.com/subject/5327697/,橙,https://www.goodreads.com/book/show/33123786---,橙--陪安东尼度过漫长岁月 Ⅱ
https://book.douban.com/subject/1474688/,機器娃娃(1),https://www.goodreads.com/book/show/1114323.Dr_Slump_Vol_01,"Dr. Slump, Vol. 01"
https://book.douban.com/subject/1264579/,欢乐英雄,https://www.goodreads.com/book/show/19202947,古龙文集·欢乐英雄（上下） (Chinese Edition)
https://book.douban.com/subject/1963912/,正见,https://www.goodreads.com/book/show/20566855--,正见-佛陀的证悟
https://book.douban.com/subject/6397275/,此生未完成,https://www.goodreads.com/book/show/19282365,此生未完成 (Chinese Edition)
https://book.douban.com/subject/1020459/,此间的少年,https://www.goodreads.com/book/show/28434527,此间的少年
https://book.douban.com/subject/26963321/,步履不停,https://www.goodreads.com/book/show/32025824,歩いても 歩いても
https://book.douban.com/subject/1812439/,步步惊心,https://www.goodreads.com/book/show/13488086-bu-bu-jing-xin,Bu Bu Jing Xin/步步惊心
https://book.douban.com/subject/2064977/,死亡筆記 1,https://www.goodreads.com/book/show/13615.Death_Note_Vol_1,"Death Note, Vol. 1: Boredom"
https://book.douban.com/subject/10774752/,毛姆短篇小说精选集,https://www.goodreads.com/book/show/150549.Collected_Short_Stories,Collected Short Stories: Volume 1
https://book.douban.com/subject/3813669/,民主的细节,https://www.goodreads.com/book/show/8263880,民主的细节
https://book.douban.com/subject/1018153/,水仙已乘鲤鱼去,https://www.goodreads.com/book/show/12326856,水仙已乘鲤鱼去
https://book.douban.com/subject/1008357/,水浒传（全二册）,https://www.goodreads.com/book/show/158778.Outlaws_of_the_Marsh,Outlaws of the Marsh
https://book.douban.com/subject/25829693/,永恒的终结,https://www.goodreads.com/book/show/509784.The_End_of_Eternity,The End of Eternity
https://book.douban.com/subject/7060185/,江城,https://www.goodreads.com/book/show/94053.River_Town,River Town: Two Years on the Yangtze
https://book.douban.com/subject/1054685/,沉默的大多数,https://www.goodreads.com/book/show/13632965,沉默的大多数
https://book.douban.com/subject/25733470/,没有色彩的多崎作和他的巡礼之年,https://www.goodreads.com/book/show/41022133-colorless-tsukuru-tazaki-and-his-years-of-pilgrimage,Colorless Tsukuru Tazaki and his years of pilgrimage
https://book.douban.com/subject/1596305/,泡沫之夏,https://www.goodreads.com/book/show/9651443,泡沫之夏
https://book.douban.com/subject/1170801/,泰戈尔诗集,https://www.goodreads.com/book/show/65341.Selected_Poems,Selected Poems
https://book.douban.com/subject/1465324/,洛丽塔,https://www.goodreads.com/book/show/7604.Lolita,Lolita
https://book.douban.com/subject/4913064/,活着,https://www.goodreads.com/book/show/334971.To_Live,To Live
https://book.douban.com/subject/3266609/,流浪地球,https://www.goodreads.com/book/show/13554058-the-wandering-earth,The Wandering Earth
https://book.douban.com/subject/1440589/,浪客剑心,https://www.goodreads.com/book/show/294963.Rurouni_Kenshin_Volume_01,"Rurouni Kenshin, Volume 01"
https://book.douban.com/subject/6709783/,浪潮之巅,https://www.goodreads.com/book/show/12673959,浪潮之巅 (On Top of Tides)
https://book.douban.com/subject/1088581/,浮生六记,https://www.goodreads.com/book/show/524116.Six_Records_of_a_Floating_Life,Six Records of a Floating Life
https://book.douban.com/subject/1011754/,海子的诗,https://www.goodreads.com/book/show/38040276,海子的诗
https://book.douban.com/subject/1085470/,海底两万里,https://www.goodreads.com/book/show/33507.Twenty_Thousand_Leagues_Under_the_Sea,Twenty Thousand Leagues Under the Sea
https://book.douban.com/subject/1765512/,海的女儿,https://www.goodreads.com/book/show/132391.The_Little_Mermaid,The Little Mermaid
https://book.douban.com/subject/1474773/,海贼王,https://www.goodreads.com/book/show/1237398.One_Piece_Volume_1,"One Piece, Volume 1: Romance Dawn"
https://book.douban.com/subject/1059419/,海边的卡夫卡,https://www.goodreads.com/book/show/4929.Kafka_on_the_Shore,Kafka on the Shore
https://book.douban.com/subject/26357614/,海风中失落的血色馈赠,https://www.goodreads.com/book/show/14272.The_Lost_Salt_Gift_of_Blood,The Lost Salt Gift of Blood
https://book.douban.com/subject/34996429/,消失的13级台阶,https://www.goodreads.com/book/show/36584506-13-stufen,13 Stufen
https://book.douban.com/subject/20470917/,深夜食堂 01,https://www.goodreads.com/book/show/34602306-la-cantine-de-minuit-vol-1,La cantine de minuit vol.1
https://book.douban.com/subject/1030052/,清醒纪,https://www.goodreads.com/book/show/38230114,清醒纪
https://book.douban.com/subject/2068249/,温柔的夜,https://www.goodreads.com/book/show/7442819-wenrou-de-ye,溫柔的夜 [Wenrou de Ye]
https://book.douban.com/subject/3054821/,渴望生活,https://www.goodreads.com/book/show/79834.Lust_for_Life,Lust for Life
https://book.douban.com/subject/11622283/,滚蛋吧!肿瘤君,https://www.goodreads.com/book/show/27220918,滚蛋吧!肿瘤君
https://book.douban.com/subject/1440468/,漩涡,https://www.goodreads.com/book/show/25152.Uzumaki,"Uzumaki: Spiral into Horror, Vol. 1"
https://book.douban.com/subject/3151575/,激荡三十年,https://www.goodreads.com/book/show/19499559,激荡三十年(上下册) (Chinese Edition)
https://book.douban.com/subject/1970428/,激荡三十年（上）,https://www.goodreads.com/book/show/18932467,激荡三十年:中国企业1978-2008(上): 杭州蓝狮子文化创意有限公司 (Chinese Edition)
https://book.douban.com/subject/2380307/,激荡三十年（下）,https://www.goodreads.com/book/show/18943062,激荡三十年:中国企业(下）: 杭州蓝狮子文化创意有限公司 (Chinese Edition)
https://book.douban.com/subject/1221515/,灌篮高手31,https://www.goodreads.com/book/show/9227170-slam-dunk-vol-31,Slam Dunk Vol. 31: Tim Basket SMU Shohoku
https://book.douban.com/subject/26586492/,火星救援,https://www.goodreads.com/book/show/18007564-the-martian,The Martian
https://book.douban.com/subject/2143732/,灿烂千阳,https://www.goodreads.com/book/show/128029.A_Thousand_Splendid_Suns,A Thousand Splendid Suns
https://book.douban.com/subject/3071717/,爱你就像爱生命,https://www.goodreads.com/book/show/18802549,爱你就像爱生命
https://book.douban.com/subject/3026879/,爱的艺术,https://www.goodreads.com/book/show/14142.The_Art_of_Loving,The Art of Loving
https://book.douban.com/subject/1002898/,父与子全集,https://www.goodreads.com/book/show/1418816._,قصه‌های من و بابام - کتاب اول - بابای خوب من
https://book.douban.com/subject/2361768/,爷爷变成了幽灵,https://www.goodreads.com/book/show/25726888-erik-und-das-opa-gespenst,Erik und das Opa-Gespenst
https://book.douban.com/subject/1073708/,牡丹亭,https://www.goodreads.com/book/show/259561.The_Peony_Pavilion,The Peony Pavilion
https://book.douban.com/subject/3608208/,牧羊少年奇幻之旅,https://www.goodreads.com/book/show/18144590-the-alchemist,The Alchemist
https://book.douban.com/subject/1398395/,狂人日记,https://www.goodreads.com/book/show/21442812-a-madman-s-diary,A Madman's Diary 狂人日記
https://book.douban.com/subject/3057556/,狂热分子,https://www.goodreads.com/book/show/15916.The_True_Believer,The True Believer: Thoughts on the Nature of Mass Movements
https://book.douban.com/subject/4886245/,独唱团,https://www.goodreads.com/book/show/12366861,独唱团（第一辑）
https://book.douban.com/subject/1022060/,狼图腾,https://www.goodreads.com/book/show/1217728.Wolf_Totem,Wolf Totem
https://book.douban.com/subject/1433640/,猜猜我有多爱你,https://www.goodreads.com/book/show/301736.Guess_How_Much_I_Love_You,Guess How Much I Love You
https://book.douban.com/subject/3316422/,猫国物语,https://www.goodreads.com/book/show/25802960,いつでもどこでも ネコ町物語…ナーゴ
https://book.douban.com/subject/26362836/,献给阿尔吉侬的花束,https://www.goodreads.com/book/show/36576608-flowers-for-algernon,Flowers for Algernon
https://book.douban.com/subject/1119839/,王尔德童话,https://www.goodreads.com/book/show/779021.The_Happy_Prince_and_Other_Tales,The Happy Prince and Other Tales
https://book.douban.com/subject/1036684/,现代汉语词典（修订本）,https://www.goodreads.com/book/show/18743909,现代汉语词典 (Chinese Edition)
https://book.douban.com/subject/1192090/,球状闪电,https://www.goodreads.com/book/show/32076670-ball-lightning,Ball Lightning
https://book.douban.com/subject/2326571/,琅琊榜,https://www.goodreads.com/book/show/56972692-nirvana-in-fire,Nirvana in Fire [琅琊榜]
https://book.douban.com/subject/1004821/,理想国,https://www.goodreads.com/book/show/30289.The_Republic,The Republic
https://book.douban.com/subject/1865089/,瓦尔登湖,https://www.goodreads.com/book/show/16902.Walden,Walden
https://book.douban.com/subject/1013225/,生活在别处,https://www.goodreads.com/book/show/44559.Life_is_Elsewhere,Life is Elsewhere
https://book.douban.com/subject/3259440/,白夜行,https://www.goodreads.com/book/show/19256975-journey-under-the-midnight-sun,Journey Under the Midnight Sun
https://book.douban.com/subject/1082150/,白银时代,https://www.goodreads.com/book/show/17380719,白银时代
https://book.douban.com/subject/10564071/,白鹿原,https://www.goodreads.com/book/show/35958644-white-deer-plain,White Deer Plain
https://book.douban.com/subject/6082808/,百年孤独,https://www.goodreads.com/book/show/320.One_Hundred_Years_of_Solitude,One Hundred Years of Solitude
https://book.douban.com/subject/26278687/,皮囊,https://www.goodreads.com/book/show/27847873,皮囊
https://book.douban.com/subject/1021193/,皮皮鲁传,https://www.goodreads.com/book/show/37639106,郑渊洁四大名传：皮皮鲁传（经典童话系列） (郑渊洁四大名传系列)
https://book.douban.com/subject/1948901/,盗墓笔记,https://www.goodreads.com/book/show/10818155-cavern-of-the-blood-zombies,Cavern of the Blood Zombies
https://book.douban.com/subject/2057285/,盗墓笔记2,https://www.goodreads.com/book/show/10367823,盗墓笔记: 秦岭神树
https://book.douban.com/subject/2298149/,盗墓笔记3,https://www.goodreads.com/book/show/10385974,盗墓笔记: 云顶天宫
https://book.douban.com/subject/3266344/,盗墓笔记4,https://www.goodreads.com/book/show/10442257,盗墓笔记: 蛇沼鬼城
https://book.douban.com/subject/4173968/,盗墓笔记6,https://www.goodreads.com/book/show/11811748-6,盗墓笔记6: 阴山古楼
https://book.douban.com/subject/3995526/,目送,https://www.goodreads.com/book/show/4756002,目送
https://book.douban.com/subject/2194123/,相约星期二,https://www.goodreads.com/book/show/6900.Tuesdays_with_Morrie,Tuesdays with Morrie
https://book.douban.com/subject/1863930/,看不见的城市,https://www.goodreads.com/book/show/9809.Invisible_Cities,Invisible Cities
https://book.douban.com/subject/20427187/,看见,https://www.goodreads.com/book/show/18458655,看见
https://book.douban.com/subject/1277981/,社会契约论,https://www.goodreads.com/book/show/12651.The_Social_Contract,The Social Contract
https://book.douban.com/subject/1476651/,社会心理学,https://www.goodreads.com/book/show/740224.Social_Psychology,Social Psychology
https://book.douban.com/subject/2328458/,社会性动物,https://www.goodreads.com/book/show/203968.The_Social_Animal,The Social Animal
https://book.douban.com/subject/1255624/,神雕侠侣,https://www.goodreads.com/book/show/4531901,神雕侠侣（全四冊）
https://book.douban.com/subject/1040211/,福尔摩斯探案全集（上中下）,https://www.goodreads.com/book/show/188572.The_Complete_Sherlock_Holmes,The Complete Sherlock Holmes
https://book.douban.com/subject/27104959/,离开的，留下的,https://www.goodreads.com/book/show/23156040-those-who-leave-and-those-who-stay,Those Who Leave and Those Who Stay
https://book.douban.com/subject/3266968/,秘密,https://www.goodreads.com/book/show/52529.The_Secret,The Secret
https://book.douban.com/subject/3607117/,稻草人手记,https://www.goodreads.com/book/show/12935106,稻草人手記
https://book.douban.com/subject/1082334/,穆斯林的葬礼,https://www.goodreads.com/book/show/9878443,穆斯林的葬礼
https://book.douban.com/subject/1007914/,窗边的小豆豆,https://www.goodreads.com/book/show/328802.Totto_chan,Totto-chan: The Little Girl at the Window
https://book.douban.com/subject/1002299/,笑傲江湖（全四册）,https://www.goodreads.com/book/show/6317155,笑傲江湖 (全八冊)
https://book.douban.com/subject/1024217/,第一次的亲密接触,https://www.goodreads.com/book/show/12665525,第一次的亲密接触
https://book.douban.com/subject/1082162/,第一炉香,https://www.goodreads.com/book/show/2117649._,第一爐香（張愛玲短篇小說集之二）
https://book.douban.com/subject/1141406/,简爱（英文全本）,https://www.goodreads.com/book/show/10210.Jane_Eyre,Jane Eyre
https://book.douban.com/subject/2256438/,素年锦时,https://www.goodreads.com/book/show/42093881,素年锦时
https://book.douban.com/subject/22714154/,繁花,https://www.goodreads.com/book/show/20928464,繁花
https://book.douban.com/subject/1007433/,红与黑,https://www.goodreads.com/book/show/14662.The_Red_and_the_Black,The Red and the Black
https://book.douban.com/subject/1418686/,红拂夜奔,https://www.goodreads.com/book/show/18844545,红拂夜奔
https://book.douban.com/subject/1007305/,红楼梦,https://www.goodreads.com/book/show/535739.Dream_of_the_Red_Chamber,Dream of the Red Chamber
https://book.douban.com/subject/1014278/,红玫瑰与白玫瑰,https://www.goodreads.com/book/show/10453145-red-rose-white-rose,"Red Rose, White Rose"
https://book.douban.com/subject/1186392/,约翰·克利斯朵夫,https://www.goodreads.com/book/show/73322.Jean_Christophe_I,Jean-Christophe - I
https://book.douban.com/subject/1028842/,经济学原理（上下）,https://www.goodreads.com/book/show/1753460.Principles_of_Economics,Principles of Economics
https://book.douban.com/subject/3518332/,绿毛水怪,https://www.goodreads.com/book/show/19519062,绿毛水怪
https://book.douban.com/subject/21371175/,罗杰疑案,https://www.goodreads.com/book/show/16328.The_Murder_of_Roger_Ackroyd,The Murder of Roger Ackroyd
https://book.douban.com/subject/3136271/,罗生门,https://www.goodreads.com/book/show/672376.Rashomon_and_Other_Stories,Rashomon and Other Stories
https://book.douban.com/subject/1858568/,罪与罚,https://www.goodreads.com/book/show/7144.Crime_and_Punishment,Crime and Punishment
https://book.douban.com/subject/1205370/,羊脂球,https://www.goodreads.com/book/show/74882.Boule_de_Suif,Boule de Suif (21 contes)
https://book.douban.com/subject/27002046/,美丽新世界,https://www.goodreads.com/book/show/5129.Brave_New_World,Brave New World
https://book.douban.com/subject/1144185/,美国宪政历程,https://www.goodreads.com/book/show/28387186,美国政宪历程
https://book.douban.com/subject/3410718/,美的历程,https://www.goodreads.com/book/show/25060049-the-path-of-beauty,The Path of Beauty (美的歷程)
https://book.douban.com/subject/1064275/,老人与海,https://www.goodreads.com/book/show/2165.The_Old_Man_and_the_Sea,The Old Man and the Sea
https://book.douban.com/subject/1829226/,肖申克的救赎,https://www.goodreads.com/book/show/39662.Different_Seasons,Different Seasons
https://book.douban.com/subject/10786473/,自控力,https://www.goodreads.com/book/show/10865206-the-willpower-instinct,"The Willpower Instinct: How Self-Control Works, Why It Matters, and What You Can Do to Get More of It"
https://book.douban.com/subject/2209098/,致我们终将逝去的青春,https://www.goodreads.com/book/show/24161127,致我们终将逝去的青春
https://book.douban.com/subject/1028270/,舒克和贝塔历险记,https://www.goodreads.com/book/show/19249711,舒克和贝塔历险记 (Chinese Edition)
https://book.douban.com/subject/1020670/,舞！舞！舞！,https://www.goodreads.com/book/show/17800.Dance_Dance_Dance,Dance Dance Dance
https://book.douban.com/subject/3162991/,艺术的故事,https://www.goodreads.com/book/show/222078.The_Story_of_Art,The Story of Art
https://book.douban.com/subject/1794620/,芒果街上的小屋,https://www.goodreads.com/book/show/139253.The_House_on_Mango_Street,The House on Mango Street
https://book.douban.com/subject/27010212/,芳华,https://www.goodreads.com/book/show/35228899,芳华
https://book.douban.com/subject/1045818/,苏菲的世界,https://www.goodreads.com/book/show/10959.Sophie_s_World,Sophie's World
https://book.douban.com/subject/1013380/,茶花女,https://www.goodreads.com/book/show/7186.La_Dame_aux_Cam_lias,La Dame aux Camélias
https://book.douban.com/subject/1036613/,茶馆,https://www.goodreads.com/book/show/802049.Teahouse,Teahouse
https://book.douban.com/subject/1086249/,荆棘鸟,https://www.goodreads.com/book/show/3412.The_Thorn_Birds,The Thorn Birds
https://book.douban.com/subject/1052990/,草房子,https://www.goodreads.com/book/show/30012749-the-grass-house,草房子 The Grass House
https://book.douban.com/subject/1007334/,草样年华,https://www.goodreads.com/book/show/12857141,草样年华
https://book.douban.com/subject/3131626/,荒原狼,https://www.goodreads.com/book/show/16631.Steppenwolf,Steppenwolf
https://book.douban.com/subject/1529893/,莲花,https://www.goodreads.com/book/show/55181678,蓮花
https://book.douban.com/subject/1022238/,菊与刀,https://www.goodreads.com/book/show/123848.The_Chrysanthemum_and_the_Sword,The Chrysanthemum and the Sword: Patterns of Japanese Culture
https://book.douban.com/subject/1937357/,萤火之森,https://www.goodreads.com/book/show/5985311,蛍火の杜へ
https://book.douban.com/subject/5317075/,蔡康永的说话之道,https://www.goodreads.com/book/show/14683603,蔡康永的说话之道
https://book.douban.com/subject/1063190/,蔷薇岛屿,https://www.goodreads.com/book/show/48555962,蔷薇岛屿
https://book.douban.com/subject/1418297/,蜂蜜與四葉草 1,https://www.goodreads.com/book/show/1600757.Honey_and_Clover_Vol_1,"Honey and Clover, Vol. 1"
https://book.douban.com/subject/1452610/,蟲師 (1) アフタヌーンKC (255),https://www.goodreads.com/book/show/1380866._1_Mushishi_1_,蟲師 1 [Mushishi 1]
https://book.douban.com/subject/1061977/,血色浪漫,https://www.goodreads.com/book/show/24954798,血色浪漫
https://book.douban.com/subject/2339950/,被窝是青春的坟墓,https://www.goodreads.com/book/show/35426270,被窝是青春的坟墓
https://book.douban.com/subject/26369699/,被讨厌的勇气,https://www.goodreads.com/book/show/43306206-the-courage-to-be-disliked,"The Courage to Be Disliked: How to Free Yourself, Change your Life and Achieve Real Happiness"
https://book.douban.com/subject/3598313/,西决,https://www.goodreads.com/book/show/13635261,西决
https://book.douban.com/subject/1008189/,西方哲学史（上卷）,https://www.goodreads.com/book/show/243685.A_History_of_Western_Philosophy,A History of Western Philosophy
https://book.douban.com/subject/1029553/,西游记（全二册）,https://www.goodreads.com/book/show/158785.Journey_to_the_West,Journey to the West
https://book.douban.com/subject/20463108/,观念的水位,https://www.goodreads.com/book/show/20646403,观念的水位
https://book.douban.com/subject/1012307/,规训与惩罚,https://www.goodreads.com/book/show/846634.Surveiller_et_punir_Naissance_de_la_prison,Surveiller et punir. Naissance de la prison
https://book.douban.com/subject/25862578/,解忧杂货店,https://www.goodreads.com/book/show/44287550-the-miracles-of-the-namiya-general-store,The Miracles of the Namiya General Store
https://book.douban.com/subject/2326403/,认识电影,https://www.goodreads.com/book/show/488428.Understanding_Movies,Understanding Movies
https://book.douban.com/subject/1029791/,许三观卖血记,https://www.goodreads.com/book/show/334970.Chronicle_of_a_Blood_Merchant,Chronicle of a Blood Merchant
https://book.douban.com/subject/1964774/,论语,https://www.goodreads.com/book/show/27297.The_Analects,The Analects
https://book.douban.com/subject/1941558/,设计中的设计,https://www.goodreads.com/book/show/2034402.Designing_Design,Designing Design
https://book.douban.com/subject/1883245/,诗经,https://www.goodreads.com/book/show/672602.The_Book_of_Songs,The Book of Songs: The Ancient Chinese Classic of Poetry
https://book.douban.com/subject/1021056/,谁动了我的奶酪？,https://www.goodreads.com/book/show/4894.Who_Moved_My_Cheese_,Who Moved My Cheese?
https://book.douban.com/subject/2158684/,象棋的故事,https://www.goodreads.com/book/show/59151.Chess_Story,Chess Story
https://book.douban.com/subject/2081876/,货币战争,https://www.goodreads.com/book/show/9566425,货币战争
https://book.douban.com/subject/1057244/,边城,https://www.goodreads.com/book/show/6713028-border-town,Border Town
https://book.douban.com/subject/1040771/,达·芬奇密码,https://www.goodreads.com/book/show/968.The_Da_Vinci_Code,The Da Vinci Code
https://book.douban.com/subject/6781794/,过于喧嚣的孤独,https://www.goodreads.com/book/show/87280.Too_Loud_a_Solitude,Too Loud a Solitude
https://book.douban.com/subject/6388661/,这些人，那些事,https://www.goodreads.com/book/show/18801720,这些人 那些事
https://book.douban.com/subject/4714734/,这些都是你给我的爱,https://www.goodreads.com/book/show/27262655,这些都是你给我的爱
https://book.douban.com/subject/1082584/,追忆似水年华 Ⅰ,https://www.goodreads.com/book/show/12749.Swann_s_Way,Swann's Way
https://book.douban.com/subject/1770782/,追风筝的人,https://www.goodreads.com/book/show/77203.The_Kite_Runner,The Kite Runner
https://book.douban.com/subject/1003284/,退步集,https://www.goodreads.com/book/show/29926842,退步集
https://book.douban.com/subject/4238362/,送你一颗子弹,https://www.goodreads.com/book/show/20646387,送你一颗子弹
https://book.douban.com/subject/1077528/,通往奴役之路,https://www.goodreads.com/book/show/299215.The_Road_to_Serfdom,The Road to Serfdom
https://book.douban.com/subject/2340100/,遇见未知的自己,https://www.goodreads.com/book/show/19095813,遇见未知的自己 (经典爱藏) (Chinese Edition)
https://book.douban.com/subject/1059258/,道德经,https://www.goodreads.com/book/show/67896.Tao_Te_Ching,Tao Te Ching
https://book.douban.com/subject/20424526/,邓小平时代,https://www.goodreads.com/book/show/11472345-deng-xiaoping-and-the-transformation-of-china,Deng Xiaoping and the Transformation of China
https://book.douban.com/subject/4231381/,那些回不去的年少时光,https://www.goodreads.com/book/show/15833099-the-time-never-back,The Time Never Back
https://book.douban.com/subject/1958227/,那些年，我们一起追的女孩,https://www.goodreads.com/book/show/15919740,那些年，我们一起追的女孩
https://book.douban.com/subject/1426971/,野火集,https://www.goodreads.com/book/show/37763052,野火集
https://book.douban.com/subject/1915958/,野草,https://www.goodreads.com/book/show/9730.Wild_Grass_,Wild Grass 野草
https://book.douban.com/subject/26864984/,金色梦乡,https://www.goodreads.com/book/show/10073660,ゴールデンスランバー
https://book.douban.com/subject/3017857/,金锁记,https://www.goodreads.com/book/show/18004493,金锁记
https://book.douban.com/subject/3391248/,金阁寺,https://www.goodreads.com/book/show/62798.The_Temple_of_the_Golden_Pavilion,The Temple of the Golden Pavilion
https://book.douban.com/subject/27110861/,銀魂#01,https://www.goodreads.com/book/show/1497534.Gin_Tama_Vol_1,"Gin Tama, Vol. 1"
https://book.douban.com/subject/1364773/,鋼之鍊金術師 1,https://www.goodreads.com/book/show/870.Fullmetal_Alchemist_Vol_1,"Fullmetal Alchemist, Vol. 1"
https://book.douban.com/subject/1013502/,钢铁是怎样炼成的,https://www.goodreads.com/book/show/860566.How_the_Steel_Was_Tempered,How the Steel Was Tempered
https://book.douban.com/subject/26389895/,银河帝国：基地七部曲,https://www.goodreads.com/book/show/53917204-fondazione-il-ciclo-completo,Fondazione. Il ciclo completo
https://book.douban.com/subject/1394364/,银河系漫游指南,https://www.goodreads.com/book/show/386162.The_Hitchhiker_s_Guide_to_the_Galaxy,The Hitchhiker's Guide to the Galaxy
https://book.douban.com/subject/1418999/,银河英雄传说,https://www.goodreads.com/book/show/25986983-dawn,Dawn
https://book.douban.com/subject/26923390/,长夜难明,https://www.goodreads.com/book/show/33797234-the-long-night,The Long Night 长夜难明
https://book.douban.com/subject/1049219/,长安乱,https://www.goodreads.com/book/show/19149745,长安乱 (韩寒文集)
https://book.douban.com/subject/1082349/,长恨歌,https://www.goodreads.com/book/show/3114060-the-song-of-everlasting-sorrow,The Song of Everlasting Sorrow: A Novel of Shanghai
https://book.douban.com/subject/30142261/,长日将尽,https://www.goodreads.com/book/show/28921.The_Remains_of_the_Day,The Remains of the Day
https://book.douban.com/subject/1004088/,长袜子皮皮,https://www.goodreads.com/book/show/19302.Pippi_Longstocking,Pippi Longstocking
https://book.douban.com/subject/1088065/,阿Q正传,https://www.goodreads.com/book/show/838938.The_True_Story_of_Ah_Q_Q_,The True Story of Ah Q 阿Q正傳
https://book.douban.com/subject/4881850/,阿勒泰的角落,https://www.goodreads.com/book/show/19316147,阿勒泰的角落
https://book.douban.com/subject/3554154/,阿狸·梦之城堡,https://www.goodreads.com/book/show/12300576,阿狸·梦之城堡
https://book.douban.com/subject/5395407/,阿狸·永远站,https://www.goodreads.com/book/show/17163547,阿狸·永远站
https://book.douban.com/subject/27084173/,阿麦从军：全新修订版,https://www.goodreads.com/book/show/19202678,阿麦从军(上下) (新穿越小说) (Chinese Edition)
https://book.douban.com/subject/6880158/,陆犯焉识,https://www.goodreads.com/book/show/18661400,陆犯焉识
https://book.douban.com/subject/3014576/,陪安东尼度过漫长岁月,https://www.goodreads.com/book/show/6518280,陪安東尼度過漫長歲月
https://book.douban.com/subject/2136140/,雨季不再来,https://www.goodreads.com/book/show/819066._,雨季不再来
https://book.douban.com/subject/1034108/,零下一度,https://www.goodreads.com/book/show/6514082,零下一度
https://book.douban.com/subject/1013416/,雷雨,https://www.goodreads.com/book/show/1519027.Thunderstorm,Thunderstorm (Translated From Chinese)
https://book.douban.com/subject/1203251/,雾都孤儿,https://www.goodreads.com/book/show/18254.Oliver_Twist,Oliver Twist
https://book.douban.com/subject/10594787/,霍乱时期的爱情,https://www.goodreads.com/book/show/9712.Love_in_the_Time_of_Cholera,Love in the Time of Cholera
https://book.douban.com/subject/1088711/,霸王别姬,https://www.goodreads.com/book/show/150434.Farewell_My_Concubine,Farewell My Concubine
https://book.douban.com/subject/1018577/,霸王别姬 青蛇,https://www.goodreads.com/book/show/42525144,霸王别姬 青蛇
https://book.douban.com/subject/1085883/,青铜时代,https://www.goodreads.com/book/show/19195686,青铜时代
https://book.douban.com/subject/10560798/,面纱,https://www.goodreads.com/book/show/99664.The_Painted_Veil,The Painted Veil
https://book.douban.com/subject/1258498/,项链,https://www.goodreads.com/book/show/26530372-the-necklace-and-other-stories,The Necklace and Other Stories: Maupassant for Modern Times
https://book.douban.com/subject/1033825/,顾城的诗,https://www.goodreads.com/book/show/447903.Sea_of_Dreams,Sea of Dreams: The Selected Writings
https://book.douban.com/subject/3311253/,额尔古纳河右岸,https://www.goodreads.com/book/show/15798211-the-last-quarter-of-the-moon,The Last Quarter of the Moon
https://book.douban.com/subject/1068920/,飘,https://www.goodreads.com/book/show/18405.Gone_with_the_Wind,Gone with the Wind
https://book.douban.com/subject/1058661/,飞鸟集,https://www.goodreads.com/book/show/166350.Stray_Birds,Stray Birds
https://book.douban.com/subject/1292416/,香水,https://www.goodreads.com/book/show/343.Perfume,Perfume: The Story of a Murderer
https://book.douban.com/subject/1043815/,骆驼祥子,https://www.goodreads.com/book/show/8016836-rickshaw-boy,Rickshaw Boy
https://book.douban.com/subject/5325618/,高效能人士的七个习惯,https://www.goodreads.com/book/show/36072.The_7_Habits_of_Highly_Effective_People,The 7 Habits of Highly Effective People: Powerful Lessons in Personal Change
https://book.douban.com/subject/1926103/,鬼吹灯之云南虫谷,https://www.goodreads.com/book/show/4573879,鬼吹燈之雲南蟲谷
https://book.douban.com/subject/1882933/,鬼吹灯之精绝古城,https://www.goodreads.com/book/show/28352168,精绝古城
https://book.douban.com/subject/1071794/,魔戒（第三部）,https://www.goodreads.com/book/show/838729.The_Return_of_the_King,The Return of the King
https://book.douban.com/subject/1016003/,鲁滨逊漂流记,https://www.goodreads.com/book/show/2932.Robinson_Crusoe,Robinson Crusoe
https://book.douban.com/subject/1028404/,鲁西西传,https://www.goodreads.com/book/show/37585620,郑渊洁四大名传：鲁西西传（经典童话系列） (郑渊洁四大名传系列)
https://book.douban.com/subject/1212893/,鹿鼎记（全五册）,https://www.goodreads.com/book/show/42636219,鹿鼎记（新修版）
https://book.douban.com/subject/1051193/,麦琪的礼物,https://www.goodreads.com/book/show/31626.The_Gift_of_the_Magi_and_Other_Short_Stories,The Gift of the Magi and Other Short Stories
https://book.douban.com/subject/2053249/,麦田里的守望者,https://www.goodreads.com/book/show/5107.The_Catcher_in_the_Rye,The Catcher in the Rye
https://book.douban.com/subject/1089243/,黄金时代,https://www.goodreads.com/book/show/17380710,黄金时代
https://book.douban.com/subject/6021440/,黑客与画家,https://www.goodreads.com/book/show/41793.Hackers_Painters,Hackers & Painters: Big Ideas from the Computer Age
https://book.douban.com/subject/24257229/,鼠疫,https://www.goodreads.com/book/show/11989.The_Plague,The Plague
